Timestamp,Heart Rate,RR Interval
1739977483.9944608,109,1.752
1739977484.9830248,105,0.692
1739977485.974408,101,0.64
1739977485.974445,101,0.764
1739977487.024029,115,0.272
1739977488.012293,111,0.808
1739977489.9931278,103,2.372
1739977491.013794,103,0.74
1739977491.013831,103,0.572
1739977491.9733179,103,1.016
1739977493.352143,103,0.756
1739977494.344518,102,0.86
1739977495.333484,102,0.932
1739977495.3335218,102,0.904
1739977496.321105,102,0.92
1739977497.3130188,102,0.931
1739977498.301023,97,0.928
1739977499.2915468,93,0.94
1739977500.2813382,90,0.948
1739977501.2720451,89,0.956
1739977502.2613142,88,0.952
1739977503.252092,78,0.964
1739977504.2409139,71,0.968
1739977505.233241,67,0.98
1739977506.22284,65,0.968
1739977507.213105,64,0.98
1739977507.213145,64,0.436
1739977508.2031481,64,0.524
1739977509.192566,64,0.956
1739977509.192607,64,0.76
1739977510.182882,64,0.688
1739977511.173328,64,0.7
1739977511.1733692,64,0.652
1739977512.16304,64,0.672
1739977513.153836,65,0.724
1739977513.1538692,65,0.888
1739977514.142712,65,0.952
1739977515.131007,65,0.924
1739977516.1220741,65,0.932
1739977517.113748,65,0.931
1739977518.101089,66,0.948
1739977519.091774,66,0.96
1739977520.081724,66,0.96
1739977521.072994,65,0.96
1739977523.0539489,65,0.964
1739977523.055049,65,0.984
1739977524.04221,64,0.972
1739977525.032186,64,0.988
1739977526.0219252,64,0.988
1739977527.0120902,63,0.996
1739977528.001287,63,1.0
1739977528.9915252,63,1.016
1739977529.982327,62,1.044
1739977530.970827,62,1.024
1739977532.950853,61,1.044
1739977533.9411259,61,1.044
1739977534.9317818,60,1.064
1739977535.921309,60,1.044
1739977536.911812,59,1.044
1739977537.9010382,59,1.071
1739977538.8930838,59,1.064
1739977540.872332,59,1.056
1739977540.8727272,58,1.052
1739977541.864376,58,1.06
1739977542.85444,58,1.052
1739977544.832175,58,1.048
1739977545.822467,58,0.868
1739977545.822939,58,0.732
1739977545.822943,58,0.492
1739977546.812923,58,1.052
1739977547.800717,58,0.988
1739977548.7937741,59,0.972
1739977549.7827258,59,1.052
1739977550.77247,59,0.9
1739977551.763751,59,0.98
1739977552.7513442,60,1.04
1739977553.740791,60,1.032
1739977554.731167,60,1.0
1739977555.721268,60,1.016
1739977556.711661,60,1.024
1739977558.693471,60,1.015
1739977558.694226,60,1.028
1739977559.682977,60,1.012
1739977560.675307,60,1.0
1739977561.663023,61,0.968
1739977562.652726,61,1.044
1739977563.6438038,61,1.008
1739977564.632803,61,1.008
1739977565.6232011,61,1.0
1739977566.613177,61,1.012
1739977567.602725,61,1.004
1739977568.59346,61,1.016
1739977569.581397,61,1.032
1739977570.573218,61,1.016
1739977571.561564,61,1.024
1739977572.552588,61,1.04
1739977573.542366,60,1.04
1739977574.532923,60,1.032
1739977575.5210931,60,1.04
1739977576.5123332,60,1.04
1739977577.5014641,60,1.047
1739977578.494032,59,1.044
1739977579.481602,59,1.048
1739977580.4727108,59,1.028
1739977581.463794,59,1.048
1739977582.4508312,59,1.06
1739977583.4423711,59,1.04
1739977584.430835,59,1.044
1739977585.423101,59,1.06
1739977587.404589,59,1.032
1739977587.406821,59,1.044
1739977588.393149,59,1.048
1739977589.382477,59,1.024
1739977590.3730078,59,1.036
1739977591.362943,59,1.044
1739977592.352511,59,1.032
1739977593.3408709,59,1.032
1739977594.332293,59,1.044
1739977595.323303,59,1.056
1739977596.3126779,59,1.04
1739977598.294487,59,1.043
1739977598.3000052,59,1.036
1739977599.280303,59,1.04
1739977600.2723808,59,1.048
1739977601.263048,59,1.024
1739977602.2524958,59,1.028
1739977603.24385,59,1.032
1739977604.230784,59,1.028
1739977605.220704,59,0.792
1739977606.211909,59,0.784
1739977607.200427,60,1.024
1739977608.1927848,60,1.028
1739977609.191057,60,1.016
1739977610.1717591,60,1.02
1739977611.162961,60,1.04
1739977612.152063,60,1.036
1739977613.140844,60,1.024
1739977614.133661,60,1.048
1739977615.120885,60,1.052
1739977616.114778,60,1.04
1739977617.100817,59,1.051
1739977618.090126,59,1.04
1739977619.082238,59,1.048
1739977620.0733461,59,1.032
1739977621.06685,59,1.032
1739977622.0807061,59,1.04
1739977623.040767,59,1.024
1739977624.034018,59,1.02
1739977625.0222778,59,1.02
1739977627.0031419,59,1.036
1739977627.003648,60,1.028
1739977627.991819,60,1.032
1739977628.9831161,60,1.044
1739977629.9737332,60,1.032
1739977631.952841,60,1.044
1739977632.940424,59,1.056
1739977633.933404,59,1.056
1739977634.922473,59,1.032
1739977635.912946,59,1.036
1739977636.9028192,59,1.055
1739977637.893198,59,1.04
1739977638.883619,59,0.872
1739977639.873491,59,0.844
1739977640.8623219,59,0.84
1739977641.853516,59,0.972
1739977642.841696,59,1.04
1739977643.8323221,59,1.008
1739977644.821145,59,1.012
1739977644.821171,59,1.016
1739977645.8120792,60,1.016
1739977646.802101,60,1.008
1739977647.795687,60,1.02
1739977648.7800598,60,1.012
1739977649.773647,60,1.016
1739977650.764779,60,1.024
1739977651.7522528,60,1.0
1739977652.7416089,60,0.824
1739977653.7321641,61,0.74
1739977654.72245,60,0.756
1739977654.722485,60,0.804
1739977655.7098508,61,0.768
1739977656.703854,61,0.811
1739977657.6899352,61,0.796
1739977658.68325,61,0.8
1739977658.683286,61,0.78
1739977659.672302,61,0.756
1739977660.661837,62,0.748
1739977661.650157,63,0.732
1739977661.650176,63,0.312
1739977663.632916,63,2.436
1739977664.6222239,65,0.712
1739977665.611829,69,0.692
1739977665.611856,69,0.688
1739977666.602253,72,0.712
1739977667.589655,76,0.784
1739977668.585973,77,0.928
1739977669.5739388,80,0.916
1739977669.573971,80,0.916
1739977670.562536,80,0.916
1739977672.540618,80,0.92
1739977672.5419571,80,0.948
1739977673.531896,80,0.944
1739977674.522279,80,0.964
1739977675.511898,80,0.956
1739977676.502833,78,0.955
1739977676.502869,78,0.64
1739977677.49199,76,0.94
1739977678.482243,73,0.728
1739977680.461977,68,1.548
1739977682.4420311,66,1.272
1739977682.442843,65,1.216
1739977684.422903,65,1.044
1739977685.411106,65,1.044
1739977685.411744,64,1.02
1739977686.402966,64,1.024
1739977687.392579,63,1.02
1739977688.396427,63,1.036
1739977689.3713322,61,1.04
1739977690.361223,60,1.02
1739977691.3519008,60,1.036
1739977692.341839,60,1.028
1739977693.331491,60,1.044
1739977694.322289,60,1.056
1739977695.311896,59,1.064
1739977696.301671,59,1.067
1739977697.291629,59,1.072
1739977698.282881,59,1.064
1739977699.2702122,58,1.072
1739977700.261486,58,1.084
1739977702.241937,57,1.1
1739977702.241965,57,0.704
1739977708.1821609,57,5.796
1739977709.171823,57,1.016
1739977710.161888,57,1.068
1739977711.152119,57,1.048
1739977712.141936,58,1.068
1739977713.132071,58,1.064
1739977714.1199832,58,1.06
1739977715.109317,58,1.048
1739977716.10285,58,1.071
1739977717.09146,58,1.06
1739977718.081674,58,1.072
1739977719.071931,58,1.084
1739977720.0614002,58,1.064
1739977721.05151,58,1.08
1739977722.0422158,58,1.076
1739977723.033251,57,1.084
1739977725.011442,57,1.1
1739977726.003169,57,1.084
1739977726.991578,57,1.08
1739977727.9821079,57,1.104
1739977728.971375,57,1.068
1739977730.9516811,57,1.104
1739977731.941577,57,1.08
1739977732.931565,57,1.08
1739977733.921421,57,1.104
1739977734.912678,56,1.092
1739977735.901453,56,1.095
1739977736.891315,56,1.1
1739977737.8818939,56,1.068
1739977738.8713322,56,1.1
1739977739.86142,56,1.072
1739977740.853031,56,0.86
1739977741.8415868,57,0.784
1739977742.8314,57,0.896
1739977743.822335,57,1.08
1739977744.812785,57,1.068
1739977745.801915,57,1.072
1739977746.7903628,57,1.068
1739977747.781856,57,1.08
1739977748.771071,58,1.084
1739977749.761347,58,1.096
1739977750.7513778,58,1.04
1739977751.741964,58,1.088
1739977752.731498,58,1.12
1739977753.7211251,58,1.092
1739977755.70127,57,1.1
1739977757.6824908,57,1.091
1739977757.683582,57,1.084
1739977758.673553,57,1.1
1739977759.661257,56,1.056
1739977760.651168,56,1.08
1739977762.6318421,56,1.088
1739977762.632816,57,1.072
1739977763.6209779,57,1.084
1739977764.613185,57,1.056
1739977765.601301,57,1.088
1739977766.591088,57,1.064
1739977767.581231,57,1.068
1739977768.570944,57,1.092
1739977769.5614238,57,1.068
1739977770.551562,57,1.08
1739977771.542895,57,1.08
1739977772.532097,57,1.076
1739977774.511126,57,1.096
1739977775.4988039,57,1.064
1739977776.4914439,57,1.075
1739977777.482126,57,1.06
1739977778.470904,57,1.072
1739977779.46083,57,1.072
1739977780.451456,57,1.104
1739977781.440832,57,1.068
1739977782.431731,57,1.076
1739977783.42131,57,1.096
1739977784.4115489,57,1.08
1739977785.401067,57,1.084
1739977786.39136,57,1.104
1739977787.381047,57,1.088
1739977788.371584,57,1.092
1739977789.360859,56,1.116
1739977790.352105,56,1.096
1739977793.324318,56,1.1
1739977794.311934,56,1.1
1739977794.3128781,56,1.1
1739977795.300971,56,1.115
1739977796.291171,56,1.088
1739977797.281099,56,1.088
1739977798.272854,56,1.108
1739977799.2603571,56,1.084
1739977800.250765,56,1.092
1739977801.242311,56,0.944
1739977802.231067,56,0.896
1739977803.220604,56,1.088
1739977804.212245,56,1.096
1739977806.191778,56,1.08
1739977807.180278,56,1.092
1739977807.180846,56,1.112
1739977808.170933,56,1.096
1739977809.1615438,56,1.1
1739977810.1505952,56,1.116
1739977813.122925,56,1.096
1739977813.123723,56,1.116
1739977814.1114838,56,1.12
1739977815.1012821,56,1.099
1739977816.091743,56,1.112
1739977817.0815501,56,1.104
1739977818.071427,55,0.74
1739977818.0714822,55,0.608
1739977819.060826,55,1.088
1739977820.0506089,55,1.076
1739977821.041277,56,1.1
1739977824.0118651,56,1.1
1739977824.011903,56,0.912
1739977824.012963,56,0.872
1739977825.0016189,56,1.128
1739977825.9907148,56,0.952
1739977826.980978,56,1.112
1739977829.950788,56,1.128
1739977830.9412422,56,1.06
1739977831.931715,56,1.036
1739977832.929892,56,0.98
1739977833.910764,56,1.044
1739977833.910798,56,0.96
1739977834.900716,57,0.931
1739977835.894818,57,1.12
1739977837.8703308,58,1.116
1739977838.861439,58,1.084
1739977839.850797,58,1.084
1739977840.840777,58,1.112
1739977841.832333,57,1.096
1739977842.820765,57,1.12
1739977843.811698,56,1.092
1739977844.801504,56,1.128
1739977845.793312,56,1.096
1739977846.780629,56,1.14
1739977847.771521,55,1.132
1739977848.760853,55,1.132
1739977850.7402308,55,1.148
1739977851.730613,55,1.136
1739977852.724067,55,1.12
1739977853.7105348,54,0.808
1739977853.71057,54,0.576
1739977855.6918862,54,0.983
1739977855.692894,54,0.992
1739977856.6805,54,0.788
1739977857.6708732,55,0.756
1739977857.670911,55,0.744
1739977858.6610181,55,0.736
1739977859.650274,56,0.748
1739977860.640528,56,0.76
1739977860.640564,56,0.832
1739977861.630841,57,0.852
1739977862.620251,57,0.924
1739977863.611178,58,0.908
1739977864.600523,59,0.888
1739977865.594934,64,0.808
1739977865.594964,64,0.78
1739977866.580487,67,0.828
1739977867.570019,68,1.048
1739977868.56125,69,1.032
1739977869.550554,69,1.08
1739977870.540888,69,1.072
1739977871.53142,70,1.048
1739977872.520755,70,1.068
1739977873.5105941,71,1.1
1739977875.491723,71,1.099
1739977876.480609,61,1.096
1739977877.4705338,59,1.112
1739977878.461668,58,1.104
1739977879.450939,57,1.12
1739977880.440614,56,1.112
1739977881.430976,56,1.136
1739977882.420557,55,1.164
1739977883.410382,55,1.136
1739977886.382516,55,1.156
1739977886.3840451,55,1.172
1739977887.370602,54,1.16
1739977888.360346,54,1.184
1739977889.350274,53,1.16
1739977890.3412921,53,1.172
1739977891.330892,53,1.192
1739977892.321269,53,1.144
1739977894.300392,53,1.155
1739977895.291189,53,1.16
1739977896.280704,53,1.144
1739977897.2687109,53,1.192
1739977898.2609432,53,1.096
1739977899.2504451,53,1.016
1739977900.240191,53,0.9
1739977901.23029,53,0.992
1739977902.220622,54,1.184
1739977903.210376,54,0.996
1739977904.200392,54,1.156
1739977905.192937,55,1.1
1739977906.180886,55,1.148
1739977907.17041,55,1.14
1739977909.150295,55,1.116
1739977910.14144,55,1.136
1739977911.13125,55,1.044
1739977912.121355,55,1.104
1739977913.1110332,55,1.128
1739977914.101556,55,1.063
1739977915.092719,55,1.14
1739977916.081134,55,1.14
1739977917.07114,55,1.116
1739977918.06131,55,1.136
1739977919.050487,55,1.116
1739977921.033199,55,1.14
1739977922.020417,55,1.16
1739977923.010494,54,1.128
1739977924.002944,54,1.152
1739977924.99147,54,1.028
1739977925.980778,54,0.936
1739977926.9719412,54,0.848
1739977926.971982,54,0.836
1739977928.951263,55,1.036
1739977930.93269,55,1.14
1739977931.921557,56,1.124
1739977932.910503,56,1.12
1739977933.900845,56,1.14
1739977934.8900962,56,1.107
1739977935.880213,56,1.164
1739977936.8716748,56,1.1
1739977937.8627121,55,1.128
1739977938.850661,55,1.016
1739977939.8402371,55,1.064
1739977940.8320699,55,1.112
1739977941.8216078,56,1.06
1739977942.810266,56,1.116
1739977944.791312,56,1.1
1739977945.78111,56,1.092
1739977946.7729568,56,1.12
1739977947.760994,56,1.084
1739977948.7500758,56,1.112
1739977949.741108,56,1.112
1739977950.732338,56,1.116
1739977951.719334,56,1.12
1739977952.708137,55,1.124
1739977953.700876,55,1.099
1739977954.690569,55,1.108
1739977955.679029,55,1.12
1739977957.660179,55,1.092
1739977958.6502469,55,1.1
1739977959.642679,55,1.12
1739977960.630181,55,1.104
1739977961.619902,55,1.108
1739977962.6107168,55,1.128
1739977963.601057,55,1.104
1739977964.5902238,55,1.104
1739977965.580052,55,1.136
1739977966.571286,55,1.116
1739977967.559419,55,1.12
1739977969.540641,55,1.136
1739977970.530317,55,1.12
1739977971.52019,55,1.132
1739977972.5101628,55,1.16
1739977973.500421,55,1.139
1739977974.4903429,54,1.144
1739977975.478864,54,1.164
1739977976.4712949,54,1.132
1739977977.460051,54,1.144
1739977979.440338,54,1.108
1739977980.430815,54,1.036
1739977981.419887,54,1.08
1739977983.404604,54,1.04
1739977983.4053068,55,1.144
1739977984.390281,55,1.152
1739977985.38066,55,1.112
1739977986.3705611,55,1.144
1739977987.3608599,55,1.124
1739977988.350064,55,1.144
1739977989.340103,55,1.14
1739977991.320173,54,1.132
1739977992.311502,54,1.144
1739977993.3018932,54,1.131
1739977994.290279,54,1.144
1739977995.2802088,54,1.152
1739977996.270208,54,1.14
1739977997.2600708,54,1.148
1739977998.2505999,54,1.136
1739977999.2401469,54,1.144
1739978001.2201002,54,1.148
1739978002.21005,54,1.128
1739978003.200762,54,1.16
1739978004.190208,54,1.124
1739978005.180075,54,1.16
1739978006.170635,54,1.14
1739978007.160206,54,1.14
1739978008.150366,54,1.168
1739978010.13024,54,1.16
1739978011.120437,54,1.156
1739978012.111264,53,1.172
1739978013.1007261,53,1.143
1739978014.08866,53,1.184
1739978015.077704,53,1.152
1739978016.067977,53,1.156
1739978017.060736,53,1.164
1739978019.0408452,53,1.116
1739978020.029851,53,1.14
1739978021.01984,53,1.056
1739978022.010116,53,1.164
1739978022.99996,53,1.156
1739978023.98979,54,1.128
1739978025.971172,54,1.16
1739978025.972146,54,1.152
1739978027.9494998,54,1.156
1739978029.9319282,54,1.176
1739978030.9207969,53,1.136
1739978031.909428,53,0.952
1739978031.909458,53,0.86
1739978032.8995829,53,0.975
1739978034.879871,53,1.18
1739978035.869695,53,1.144
1739978036.859817,53,1.148
1739978037.849931,54,1.176
1739978038.83878,54,1.144
1739978039.8307211,54,1.16
1739978040.82182,54,1.16
1739978042.8007581,54,1.152
1739978043.792366,54,1.16
1739978044.779352,53,1.176
1739978045.769671,53,0.976
1739978046.75984,53,1.052
1739978047.750848,53,1.08
1739978048.7396538,54,1.02
1739978049.729725,54,1.124
1739978050.72155,54,1.12
1739978051.70964,54,1.136
1739978052.699904,55,1.155
1739978053.690977,55,1.032
1739978054.6795971,55,1.124
1739978055.6694279,55,1.168
1739978057.649478,55,1.104
1739978058.6395679,55,1.108
1739978059.629636,55,1.028
1739978060.619905,55,1.012
1739978061.609759,56,1.096
1739978062.599575,56,1.048
1739978063.589289,56,1.116
1739978064.580205,56,1.164
1739978065.570511,56,1.136
1739978066.559461,56,1.16
1739978067.549452,56,1.168
1739978068.540353,55,1.152
1739978070.5195892,54,1.196
1739978071.5097349,54,1.164
1739978072.499151,53,1.159
1739978073.4875321,53,1.172
1739978074.4797819,53,1.168
1739978075.469198,53,1.152
1739978076.459726,53,1.16
1739978078.44146,53,1.136
1739978079.429505,53,1.164
1739978080.420019,53,1.152
1739978081.410945,53,1.152
1739978082.399793,53,1.172
1739978083.3898802,53,1.144
1739978084.3801548,53,1.16
1739978085.369351,53,1.108
1739978086.359284,53,1.032
1739978088.339102,53,1.192
1739978089.3295429,54,1.12
1739978090.320435,54,1.124
1739978091.308973,54,1.084
1739978092.299219,54,1.079
1739978093.289113,55,1.084
1739978094.279111,55,0.984
1739978095.268817,55,1.108
1739978096.259203,55,1.048
1739978097.249887,55,1.1
1739978098.245166,56,1.084
1739978099.2286952,56,0.964
1739978100.2203572,56,1.024
1739978101.209546,56,1.124
1739978102.1983821,56,0.956
1739978103.188828,56,1.032
1739978104.179286,56,0.988
1739978105.169205,56,0.952
1739978106.159754,57,1.068
1739978107.1491299,57,1.024
1739978108.1389692,58,0.976
1739978109.129569,59,1.06
1739978110.118639,59,0.992
1739978111.10923,60,1.06
1739978112.099325,60,1.139
1739978113.0884721,60,1.012
1739978114.078906,60,1.06
1739978115.0687518,60,1.068
1739978116.058864,60,1.032
1739978117.0542521,59,1.116
1739978118.0378392,59,0.96
1739978119.029141,59,0.872
1739978120.018406,59,0.824
1739978121.009025,60,0.812
1739978121.99899,60,1.016
1739978122.988904,60,1.064
1739978123.9793122,60,1.132
1739978124.968825,60,1.156
1739978126.949049,60,1.128
1739978127.9390342,60,1.148
1739978128.930712,59,1.124
1739978129.9185338,57,1.1
1739978130.908921,56,0.892
1739978131.899432,55,0.82
1739978132.888879,55,0.803
1739978133.878481,56,0.804
1739978133.878517,56,0.796
1739978134.8686929,56,0.848
1739978135.858655,56,1.128
1739978136.8490849,57,1.06
1739978137.8387752,58,1.084
1739978138.8302479,58,1.088
1739978139.818248,59,0.904
1739978140.808691,59,0.824
1739978141.800048,59,0.756
1739978142.788967,59,0.744
1739978142.789002,59,0.756
1739978143.77873,59,0.74
1739978144.768627,59,0.752
1739978145.760363,61,0.788
1739978145.7603981,61,0.924
1739978146.74953,61,1.032
1739978147.7387588,62,0.988
1739978148.7285619,62,0.908
1739978149.7194612,62,0.956
1739978150.7090719,63,0.892
1739978151.698196,64,0.815
1739978152.688312,67,0.724
1739978152.688342,67,0.752
1739978153.677127,69,1.124
1739978155.659025,69,1.128
1739978156.648768,69,1.08
1739978157.638818,70,1.08
1739978158.6287842,70,1.08
1739978159.6195462,70,1.072
1739978160.609492,70,1.08
1739978161.5993469,70,1.08
1739978162.589773,68,1.092
1739978163.5786638,62,1.064
1739978164.5686378,60,1.08
1739978166.549515,58,1.1
1739978166.5503979,58,1.024
1739978167.539166,58,0.812
1739978168.529432,57,0.86
1739978169.518463,57,1.112
1739978170.5083451,57,1.112
1739978171.4985359,57,1.119
1739978172.48892,57,1.12
1739978173.478573,56,1.108
1739978174.467728,56,1.116
1739978175.459289,56,1.14
1739978177.438475,55,1.144
1739978178.4292328,55,1.16
1739978179.417981,55,1.168
1739978180.408319,54,1.176
1739978181.398633,54,1.18
1739978182.3883488,54,1.2
1739978183.3782809,53,0.992
1739978184.368887,53,0.988
1739978185.359564,53,1.18
1739978187.3382049,53,1.164
1739978188.3291001,53,1.14
1739978188.3291361,53,0.876
1739978189.318624,54,0.884
1739978190.308769,54,0.896
1739978191.29849,54,0.939
1739978192.2883992,54,1.14
1739978193.278433,54,1.16
1739978194.268894,54,1.152
1739978196.248608,54,1.172
1739978197.2384799,54,1.136
1739978198.2290921,54,1.164
1739978199.2187252,54,1.2
1739978200.208469,53,1.228
1739978201.1978922,53,1.24
1739978203.1784189,52,1.268
1739978204.16942,52,1.248
1739978205.1584508,51,0.956
1739978206.148353,51,0.896
1739978207.138093,51,1.212
1739978208.1292858,50,1.192
1739978209.119591,50,1.184
1739978210.108147,50,1.219
1739978212.088245,51,1.236
1739978213.078377,51,1.232
1739978214.070509,51,1.248
1739978215.058389,50,1.284
1739978217.0378392,50,1.296
1739978218.028919,50,0.944
1739978218.0289578,50,0.872
1739978220.009553,50,1.22
1739978220.999639,50,1.188
1739978221.988204,50,1.236
1739978222.9778612,50,1.224
1739978223.969337,50,1.172
1739978225.948585,51,1.18
1739978227.928857,51,1.252
1739978228.918771,51,1.216
1739978229.908073,51,1.168
1739978230.898924,51,1.183
1739978231.888128,51,1.172
1739978232.8782752,51,1.108
1739978233.869163,52,0.988
1739978234.858089,52,1.164
1739978236.838942,52,1.152
1739978237.8282099,52,1.192
1739978238.81905,53,1.164
1739978239.80848,53,1.164
1739978240.797705,53,1.176
1739978241.788019,53,1.2
1739978242.77792,53,1.088
1739978243.7688022,53,1.1
1739978245.745825,53,1.136
1739978246.738528,53,1.016
1739978247.727824,54,1.168
1739978248.718323,54,1.156
1739978249.707732,54,1.18
1739978251.688992,54,1.151
1739978251.690144,54,1.152
1739978252.67777,54,1.164
1739978254.658022,53,1.172
1739978255.648525,53,1.144
1739978256.639162,53,1.16
1739978257.628483,53,1.184
1739978258.6178088,53,1.148
1739978259.608953,53,1.16
1739978260.5985768,53,1.192
1739978261.5901408,53,0.912
1739978262.578154,53,0.804
1739978263.568799,53,0.788
1739978264.559144,53,1.168
1739978265.547925,53,1.144
1739978266.5400991,53,1.124
1739978267.5277271,53,1.132
1739978268.517976,53,1.16
1739978269.5088792,53,1.152
1739978271.5022562,53,1.143
1739978272.477757,53,1.168
1739978273.468374,53,1.188
1739978274.4578838,53,1.152
1739978275.447983,53,1.156
1739978276.437417,53,1.06
1739978277.427745,53,0.952
1739978278.4172401,53,1.156
1739978279.4074829,53,1.152
1739978280.398635,53,1.136
1739978282.379516,53,1.132
1739978283.367372,53,1.168
1739978284.359297,53,1.144
1739978285.345747,53,1.14
1739978286.336892,53,1.156
1739978287.327779,53,1.196
1739978288.318076,53,1.176
1739978290.2985952,53,1.167
1739978291.288584,53,1.164
1739978292.277236,53,1.18
1739978294.257814,53,1.18
1739978295.248041,52,1.184
1739978296.239006,52,1.2
1739978296.240164,52,1.152
1739978298.2185988,52,1.164
1739978299.208319,52,1.172
1739978300.19871,52,1.204
1739978301.1900191,52,1.152
1739978302.1777039,52,1.172
1739978303.168326,52,1.196
1739978305.145969,52,1.18
1739978306.1372428,52,1.156
1739978307.1286669,52,1.188
1739978308.117526,52,1.2
1739978309.107479,52,1.168
1739978310.099373,52,1.175
1739978311.090154,52,1.188
1739978313.067348,52,1.184
1739978314.0557911,52,1.212
1739978315.047114,52,1.132
1739978316.03988,52,1.008
1739978317.0287318,52,1.188
1739978318.0179,52,1.18
1739978319.0080261,52,1.14
1739978319.998083,52,1.14
1739978321.9780679,52,1.164
1739978322.9680371,53,1.156
1739978324.9483159,53,1.144
1739978325.939569,53,1.184
1739978326.927228,53,1.184
1739978327.9171221,53,1.144
1739978328.907959,53,1.168
1739978329.897928,53,1.191
1739978331.877878,53,1.108
1739978332.868356,53,1.104
1739978333.856965,53,1.188
1739978334.8482392,53,1.132
1739978336.8277361,53,1.116
1739978336.828842,53,1.152
1739978337.8171751,54,1.156
1739978338.807435,54,1.124
1739978339.798249,54,1.152
1739978341.777807,54,1.16
1739978342.7713878,54,1.16
1739978343.75765,54,1.152
1739978344.745802,53,1.164
1739978345.736843,53,1.156
1739978346.728717,53,0.996
1739978347.717064,53,1.104
1739978348.706951,53,1.032
1739978349.697759,53,1.051
1739978351.676909,53,1.164
1739978351.677474,53,1.16
1739978353.657048,53,1.144
1739978354.6468532,54,1.144
1739978355.638109,53,1.176
1739978356.6268978,53,1.16
1739978357.617292,53,1.152
1739978358.6072419,53,1.16
1739978359.596834,53,1.164
1739978360.588038,53,1.008
1739978362.567225,53,1.176
1739978363.557628,53,1.156
1739978364.547094,53,1.156
1739978365.5374331,53,1.168
1739978366.5262852,53,1.192
1739978367.520155,53,1.172
1739978368.506509,53,1.1
1739978369.4971101,53,1.159
1739978371.477591,53,1.152
1739978372.467815,53,1.16
1739978373.4567199,53,1.18
1739978374.447009,53,1.164
1739978375.436769,53,1.16
1739978376.427607,53,1.168
1739978377.41679,53,1.208
1739978379.397242,53,1.228
1739978380.3866482,52,1.164
1739978381.377557,52,1.152
1739978382.36789,52,1.152
1739978383.3566048,52,1.024
1739978384.347543,52,1.18
1739978385.337378,52,1.18
1739978387.317802,53,1.188
1739978388.306535,53,1.144
1739978389.296722,53,1.167
1739978390.2892108,53,1.208
1739978392.268169,53,1.148
1739978392.268851,53,1.164
1739978393.2574239,53,1.18
1739978395.236712,53,1.176
1739978396.2274308,53,1.08
1739978397.217403,53,1.176
1739978398.207316,53,1.168
1739978399.197954,53,1.168
1739978400.186686,53,1.176
1739978401.177377,53,1.176
1739978402.166581,53,1.18
1739978404.147298,53,1.172
1739978405.137343,52,1.168
1739978406.127632,52,1.176
1739978407.117069,52,1.192
1739978408.1077929,52,1.171
1739978409.0969548,52,1.2
1739978411.076299,52,1.2
1739978412.068192,52,1.108
1739978413.057475,52,1.184
1739978414.0463638,52,1.096
1739978415.0366879,52,1.1
1739978416.026603,53,1.18
1739978417.019302,53,1.188
1739978418.0076811,53,1.16
1739978418.9972181,53,1.148
1739978420.976769,53,1.16
1739978421.967273,53,1.184
1739978423.946489,53,1.14
1739978424.938656,53,1.144
1739978425.927579,53,1.168
1739978426.917205,53,1.132
1739978427.907213,53,1.144
1739978428.897692,53,1.147
1739978430.87745,53,1.144
1739978431.866297,54,1.116
1739978432.857261,54,1.112
1739978433.8473558,54,1.148
1739978434.837752,54,1.116
1739978435.825873,54,1.12
1739978436.816791,54,1.144
1739978437.807318,54,1.124
1739978438.797685,55,1.116
1739978439.788806,55,1.136
1739978441.767145,54,1.156
1739978442.756992,54,1.124
1739978443.746963,54,1.136
1739978444.7375438,54,1.148
1739978445.72853,54,1.14
1739978446.716445,54,1.144
1739978447.707071,54,1.164
1739978448.697995,54,1.159
1739978450.67644,54,1.14
1739978451.666605,54,1.148
1739978452.656563,54,1.16
1739978453.647192,54,1.136
1739978454.636822,53,1.144
1739978455.627997,53,1.164
1739978456.617392,53,1.164
1739978457.6074119,53,1.156
1739978459.588906,53,1.172
1739978460.5767949,53,1.188
1739978461.567758,53,1.168
1739978462.557146,53,1.164
1739978463.5466309,53,1.184
1739978464.536581,53,1.172
1739978465.527723,53,1.152
1739978467.506572,53,1.172
1739978468.4963882,52,1.191
1739978469.4891798,52,1.184
1739978470.476491,52,1.152
1739978471.467015,52,1.18
1739978472.457637,52,1.06
1739978473.446992,52,0.94
1739978474.436516,52,1.148
1739978475.426925,53,1.144
1739978476.41727,53,1.116
1739978478.3962429,53,1.124
1739978479.387282,53,1.128
1739978480.377326,53,1.156
1739978481.367318,53,1.124
1739978482.35879,54,1.136
1739978483.3470788,54,1.16
1739978484.337514,54,1.176
1739978485.326856,54,1.14
1739978487.307109,54,1.152
1739978488.297052,53,1.167
1739978489.286931,54,1.08
1739978490.276881,54,1.076
1739978491.2667708,54,1.168
1739978492.25701,54,1.008
1739978493.2463,54,1.068
1739978494.237366,54,1.176
1739978495.228138,54,1.152
1739978496.2173948,54,0.988
1739978497.20703,54,1.08
1739978498.197994,54,1.128
1739978499.1870751,54,1.004
1739978500.176301,54,1.064
1739978501.1670048,54,1.18
1739978503.146899,55,1.092
1739978504.137506,55,1.012
1739978505.12742,55,1.144
1739978506.116842,55,1.132
1739978507.10705,55,0.988
1739978508.0972009,56,1.011
1739978509.088622,55,1.152
1739978510.0766878,55,1.168
1739978511.0670688,55,1.064
1739978512.055991,55,1.076
1739978513.045818,55,1.18
1739978514.036454,55,1.148
1739978515.028866,55,0.98
1739978516.023697,55,1.128
1739978518.986611,55,1.18
1739978518.987736,55,1.184
1739978519.9759831,54,1.112
1739978520.9667761,54,1.12
1739978522.946329,54,1.192
1739978523.937696,54,1.188
1739978524.925546,54,1.188
1739978525.916696,54,1.088
1739978527.8968132,54,1.188
1739978528.8866508,53,1.171
1739978529.876331,53,1.168
1739978530.865653,53,1.176
1739978531.8567948,53,1.216
1739978532.846103,52,1.196
1739978534.8274088,52,1.192
1739978535.816742,52,1.184
1739978536.805892,52,1.192
1739978537.796559,52,1.2
1739978538.7869482,52,1.216
1739978539.775753,51,1.22
1739978541.755863,51,1.104
1739978542.745766,51,1.2
1739978543.7358232,51,1.212
1739978544.726739,51,1.18
1739978545.716584,51,1.192
1739978546.7061791,51,1.212
1739978548.686683,51,1.227
1739978549.676511,51,1.2
1739978550.6671512,51,1.232
1739978551.660644,51,1.188
1739978552.645389,51,1.216
1739978553.635068,51,1.224
1739978555.616491,51,1.22
1739978556.606108,51,1.236
1739978557.595692,51,1.228
1739978558.585492,50,1.06
1739978559.5756931,50,1.2
1739978560.565759,50,1.188
1739978562.546528,50,1.188
1739978563.536384,51,1.18
1739978564.525994,51,1.212
1739978565.5156522,51,1.212
1739978566.507777,51,1.204
1739978567.496476,51,1.211
1739978569.4764538,51,1.236
1739978570.4665852,51,1.244
1739978571.4557838,51,1.208
1739978572.44646,51,1.236
1739978574.426005,51,1.24
1739978575.4157388,50,1.26
1739978576.4073138,50,1.12
1739978577.396532,50,1.22
1739978578.384619,50,1.212
1739978579.375851,50,1.184
1739978581.355725,50,1.192
1739978582.346255,50,1.2
1739978583.33654,51,1.208
1739978584.32561,51,1.2
1739978585.3164978,51,1.196
1739978586.308774,51,1.227
1739978588.286459,51,1.232
1739978589.276698,51,1.216
1739978590.2662542,51,1.232
1739978591.2556028,51,1.248
1739978592.245292,51,1.196
1739978594.227337,50,1.224
1739978595.215549,50,1.172
1739978596.207038,51,1.136
1739978597.196105,51,1.224
1739978598.186989,51,1.216
1739978599.1763442,51,1.212
1739978601.155624,51,1.204
1739978602.1463602,51,1.232
1739978603.1355689,51,1.208
1739978604.125751,51,1.208
1739978605.1159701,51,1.208
1739978606.107776,51,1.071
1739978607.0963259,51,0.964
1739978608.085393,51,1.176
1739978610.065275,51,1.196
1739978611.058464,51,1.168
1739978612.045147,51,1.176
1739978613.0362308,51,1.212
1739978614.023687,51,1.18
1739978615.017664,51,1.184
1739978616.996056,51,1.228
1739978617.9862669,51,1.136
1739978618.9758642,51,0.952
1739978619.9665668,51,1.132
1739978621.946008,52,1.016
1739978622.9354439,52,0.916
1739978623.926351,52,1.012
1739978624.9163442,53,1.172
1739978625.9075809,53,1.176
1739978626.895987,54,1.143
1739978627.886252,54,1.16
1739978628.8765252,54,1.196
1739978630.856066,54,1.184
1739978631.847984,53,1.168
1739978632.835996,53,1.196
1739978633.826547,53,0.992
1739978634.817004,53,0.984
1739978635.806151,53,1.192
1739978636.795087,53,1.168
1739978637.785475,53,1.168
1739978638.77658,53,1.172
1739978639.76594,53,1.184
1739978641.746916,53,1.192
1739978642.735383,53,1.168
1739978643.7259278,53,1.172
1739978644.717644,53,1.216
1739978645.7059488,53,1.088
1739978646.696291,53,1.203
1739978648.675773,52,1.184
1739978649.664596,52,1.208
1739978650.657609,52,1.148
1739978651.645886,52,1.216
1739978652.636377,52,1.208
1739978653.6259499,52,1.188
1739978655.6050072,52,1.208
1739978656.594945,52,1.196
1739978657.585215,52,1.212
1739978658.576128,51,1.204
1739978659.565797,51,1.14
1739978660.556639,51,1.204
1739978662.5356538,51,1.208
1739978663.527255,51,1.176
1739978664.5174122,52,1.116
1739978665.505013,52,1.216
1739978666.495685,52,1.095
1739978667.485635,52,1.18
1739978668.476074,52,1.148
1739978669.4658592,52,1.184
1739978671.444842,53,1.148
1739978672.435617,53,1.192
1739978673.4258099,53,1.188
1739978674.415782,53,1.196
1739978675.405625,52,1.18
1739978676.3958368,52,1.208
1739978678.374922,52,1.212
1739978679.3655958,52,1.208
1739978680.358707,51,1.224
1739978681.344883,51,1.232
1739978682.335451,51,1.24
1739978684.315179,51,1.184
1739978685.3054562,51,1.084
1739978686.295626,51,1.271
1739978687.285155,51,1.156
1739978688.27591,51,0.988
1739978689.264639,51,1.172
1739978690.255659,51,1.196
1739978691.2443619,52,1.164
1739978693.224928,52,1.172
1739978694.2153778,52,1.184
1739978695.204393,52,1.188
1739978696.195227,52,1.152
1739978697.185243,52,1.176
1739978698.175842,52,1.216
1739978699.164596,52,1.168
1739978701.14668,52,1.192
1739978702.1344619,52,1.196
1739978703.125443,52,1.212
1739978704.114738,52,1.16
1739978705.105234,52,1.115
1739978706.0953221,52,1.16
1739978707.0854578,52,1.136
1739978709.064616,52,1.16
1739978710.0553641,53,1.152
1739978711.045533,53,1.2
1739978712.0363562,53,1.164
1739978713.025723,53,1.164
1739978714.013758,53,1.2
1739978715.995481,53,1.26
1739978716.9855208,52,1.176
1739978717.974627,52,1.052
1739978718.964446,52,1.148
1739978720.9460568,52,1.184
1739978721.935128,52,1.16
1739978722.925007,52,1.136
1739978723.914591,52,1.168
1739978724.907309,53,1.18
1739978726.884424,53,1.179
1739978728.870917,53,1.18
1739978728.871765,53,1.204
1739978729.855454,52,1.24
1739978730.845063,52,1.2
1739978732.825523,52,1.204
1739978733.815283,52,1.052
1739978734.805461,52,1.1
1739978735.79501,52,1.124
1739978736.7854762,52,1.236
1739978737.775247,52,1.112
1739978738.765762,52,1.26
1739978739.754591,52,1.196
1739978740.745099,52,1.0
1739978742.7256,52,1.212
1739978743.714159,52,1.192
1739978744.704221,52,1.144
1739978745.703763,52,1.139
1739978746.684802,52,1.212
1739978747.675037,52,1.188
1739978748.6653812,52,1.156
1739978750.645036,52,1.188
1739978751.6349068,52,1.208
1739978752.6250958,52,1.216
1739978753.616689,52,1.172
1739978754.60564,52,1.212
1739978755.594435,52,1.22
1739978757.5749161,52,1.2
1739978758.5647628,51,1.168
1739978759.55485,51,1.188
1739978760.5447521,51,1.204
1739978761.534734,51,1.18
1739978762.5255308,51,1.18
1739978764.50433,51,1.212
1739978765.4942,52,1.203
1739978766.486466,51,1.224
1739978767.4756422,51,1.212
1739978768.465326,51,1.232
1739978771.435084,51,1.256
1739978772.425888,51,1.284
1739978772.426753,50,1.188
1739978773.416876,50,1.124
1739978774.40472,50,1.244
1739978776.3866088,50,1.224
1739978777.375167,50,1.196
1739978778.365342,50,1.208
1739978779.3555121,50,1.228
1739978780.344222,51,1.216
1739978781.334591,51,1.204
1739978783.314374,50,1.236
1739978784.304939,50,1.24
1739978785.293783,50,1.227
1739978786.285816,50,1.232
1739978787.274525,50,1.232
1739978789.254328,50,1.236
1739978790.2455812,50,1.256
1739978791.235332,50,1.184
1739978792.224279,50,1.204
1739978793.2165601,50,1.196
1739978795.1942751,50,1.188
1739978796.1847029,51,1.164
1739978797.1757162,51,1.204
1739978798.165051,51,1.216
1739978799.154752,51,1.18
1739978800.1454232,51,1.196
1739978802.1246562,51,1.232
1739978803.115507,51,1.204
1739978804.1059961,51,1.203
1739978805.0943732,51,1.216
1739978806.084095,51,1.232
1739978807.07593,51,1.196
1739978809.055223,51,1.212
1739978810.043589,51,1.212
1739978811.034695,51,1.212
1739978812.025076,51,1.192
1739978813.0166678,51,1.228
1739978814.994991,51,1.232
1739978815.984202,51,1.188
1739978816.9741771,51,1.212
1739978817.964906,51,1.212
1739978819.944183,51,1.212
1739978821.923806,51,1.204
1739978822.915361,51,1.208
1739978823.904605,51,1.248
1739978824.8939872,51,1.259
1739978825.884127,50,1.212
1739978827.8647091,50,1.228
1739978828.855233,50,1.276
1739978829.843969,50,1.216
1739978830.834334,50,1.112
1739978831.824794,50,1.216
1739978832.81459,50,1.192
1739978834.7948859,50,1.156
1739978835.7849002,51,1.108
1739978836.7746549,51,1.012
1739978837.7649338,51,1.02
1739978838.755531,52,0.972
1739978838.75557,52,0.9
1739978839.74458,53,0.864
1739978840.734067,54,1.192
1739978842.714727,55,1.152
1739978843.703556,56,1.124
1739978844.693683,56,1.139
1739978845.683715,56,1.18
1739978846.673743,56,1.008
1739978847.664556,56,0.896
1739978848.655672,56,0.884
1739978848.65571,56,0.848
1739978849.644907,55,0.856
1739978850.634927,55,0.944
1739978851.624693,55,1.164
1739978852.616313,55,1.08
1739978853.6044369,56,0.912
1739978854.59448,57,0.924
1739978855.583701,57,1.008
1739978856.574038,58,0.968
1739978857.56435,59,0.88
1739978858.5566049,60,0.944
1739978859.54443,61,1.12
1739978860.5351481,61,1.164
1739978861.524791,61,1.016
1739978862.514577,61,1.144
1739978863.5038452,61,1.183
1739978865.484046,61,1.14
1739978866.4729412,61,1.164
1739978867.464638,60,1.184
1739978868.455486,59,1.188
1739978869.4440162,59,1.176
1739978870.434765,59,1.148
1739978871.4257941,58,1.18
1739978873.4046998,57,1.212
1739978874.394331,56,1.18
1739978875.3852391,54,1.204
1739978876.374825,53,1.224
1739978877.364702,52,1.26
1739978879.344059,52,1.228
1739978880.334111,51,1.248
1739978881.325703,51,1.288
1739978882.313835,50,1.308
1739978884.293838,50,1.275
1739978885.283892,49,1.284
1739978886.2723808,49,1.296
1739978887.262198,48,1.304
1739978889.2445672,48,1.276
1739978890.2350988,48,1.284
1739978891.228333,48,1.312
1739978892.216779,48,1.292
1739978894.194577,48,1.268
1739978895.1845918,48,1.288
1739978896.173027,48,1.288
1739978897.164555,48,1.228
1739978899.144908,48,1.256
1739978900.136064,48,1.256
1739978901.12378,48,1.244
1739978902.114503,49,1.2
1739978903.1038048,49,1.251
1739978905.086275,49,1.256
1739978906.073833,49,1.212
1739978907.063715,49,1.264
1739978908.054997,49,1.268
1739978909.044611,49,1.248
1739978911.023988,49,1.252
1739978912.01333,49,1.26
1739978913.003766,49,1.276
1739978913.992051,49,1.232
1739978915.975382,49,1.232
1739978916.964637,49,1.244
1739978918.943268,49,1.224
1739978919.933717,49,1.192
1739978920.9266508,50,1.204
1739978922.90482,50,1.224
1739978923.894104,50,1.191
1739978924.88367,50,1.188
1739978925.8736188,51,1.212
1739978926.863629,51,1.204
1739978927.855507,51,1.208
1739978929.833683,51,1.228
1739978930.8248892,51,1.228
1739978931.814246,51,1.244
1739978932.804011,51,1.252
1739978934.784076,50,1.256
1739978935.773941,50,1.26
1739978936.76594,50,1.176
1739978937.753472,50,1.208
1739978938.743419,50,1.164
1739978939.735007,50,1.064
1739978940.7258391,50,1.232
1739978942.7020679,50,1.24
1739978943.693877,51,1.235
1739978944.681539,51,1.252
1739978945.6736379,51,1.272
1739978947.654599,50,1.268
1739978948.643446,50,1.312
1739978949.633863,50,1.224
1739978950.623302,49,1.284
1739978951.6145291,49,1.248
1739978953.593766,49,1.208
1739978954.58449,49,1.264
1739978955.573524,49,1.248
1739978956.563648,49,1.232
1739978957.554404,49,1.2
1739978959.533685,50,1.204
1739978960.523045,50,1.216
1739978961.513487,50,1.208
1739978962.504411,50,1.163
1739978963.4940019,51,1.188
1739978965.474785,51,1.24
1739978966.463419,51,1.224
1739978967.453619,51,1.196
1739978968.443427,51,1.224
1739978969.433894,51,1.264
1739978971.413525,51,1.284
1739978972.403975,50,1.216
1739978973.394518,50,1.224
1739978974.383295,50,1.24
1739978975.3739882,50,1.208
1739978977.353806,50,1.232
1739978978.3433459,50,1.24
1739978979.333477,50,1.228
1739978980.325724,50,1.208
1739978981.313449,50,1.208
1739978983.294898,50,1.215
1739978984.283975,50,1.224
1739978985.2747982,50,1.236
1739978986.263011,50,1.152
1739978987.253243,51,1.188
1739978988.2442229,51,1.136
1739978989.234091,51,1.008
1739978990.223409,51,1.204
1739978992.203982,51,1.192
1739978993.193865,52,1.168
1739978994.1836958,52,1.148
1739978995.1736,52,1.184
1739978996.163935,52,1.192
1739978997.153172,52,1.188
1739978999.131767,52,1.184
1739979000.125704,52,1.196
1739979001.113587,52,1.212
1739979002.1034582,52,1.155
1739979003.0946581,52,1.176
1739979004.0833018,52,1.176
1739979005.073833,52,1.164
1739979007.0533361,52,1.14
1739979008.041952,52,1.16
1739979009.031754,52,1.172
1739979010.024365,53,1.14
1739979011.013102,53,1.172
1739979012.003778,53,1.2
1739979012.994307,53,1.164
1739979014.973221,53,1.172
1739979015.9640162,53,1.192
1739979017.943912,53,1.148
1739979018.9339368,53,0.908
1739979019.92414,52,1.168
1739979020.915734,52,1.168
1739979021.90379,53,1.152
1739979022.893698,53,1.119
1739979023.8841448,53,1.144
1739979024.874232,53,1.172
1739979026.853697,53,1.156
1739979027.8455439,53,1.144
1739979028.833762,53,1.148
1739979029.823321,53,1.184
1739979030.8138518,53,1.144
1739979031.803861,53,1.172
1739979032.7932642,53,1.176
1739979034.7728598,53,1.168
1739979035.76393,53,1.14
1739979036.753823,53,1.172
1739979037.7455318,53,1.18
1739979038.733993,53,0.98
1739979039.723895,53,1.04
1739979040.714941,53,1.192
1739979041.702911,53,1.175
1739979042.6941,53,1.196
1739979043.682901,53,0.812
1739979044.6731882,53,0.764
1739979045.663767,53,0.776
1739979046.653085,53,1.08
1739979047.6441321,53,1.072
1739979048.634051,54,0.8
1739979048.63409,54,0.776
1739979049.623776,55,0.724
1739979050.613149,55,0.836
1739979051.6040971,56,0.84
1739979052.593005,57,1.024
1739979053.582634,58,0.84
1739979053.58267,58,0.828
1739979054.573777,60,0.808
1739979055.563937,62,0.8
1739979056.554283,65,0.776
1739979056.554317,65,0.78
1739979057.5438762,66,0.768
1739979058.532758,67,0.744
1739979059.523157,71,0.768
1739979059.523189,71,0.784
1739979060.516205,74,0.808
1739979061.502916,75,0.847
1739979062.493054,76,1.024
1739979063.4854379,76,1.032
1739979064.473066,76,1.02
1739979065.4627242,76,1.04
1739979066.454846,75,1.064
1739979067.443671,75,1.06
1739979068.432801,74,0.992
1739979069.4227672,74,0.892
1739979070.413579,74,0.828
1739979071.403253,72,0.832
1739979071.403292,72,0.84
1739979073.383849,71,0.788
1739979073.385771,71,0.788
1739979074.3729,72,0.792
1739979074.372936,72,0.78
1739979075.363501,72,0.796
1739979076.3527198,73,0.516
1739979076.35276,73,0.32
1739979077.343623,76,0.608
1739979077.343661,76,0.632
1739979078.334099,77,0.684
1739979079.322805,78,0.808
1739979079.32284,78,0.72
1739979080.312635,78,0.72
1739979081.3035789,78,0.687
1739979081.303614,78,0.684
1739979082.2930062,78,0.66
1739979083.28135,78,0.66
1739979083.281356,78,0.632
1739979084.271842,79,0.656
1739979085.2627368,87,0.624
1739979085.26275,87,0.624
1739979086.252246,91,0.616
1739979086.252265,91,0.608
1739979087.242083,93,0.608
1739979088.2319858,96,0.612
1739979088.232,96,0.62
1739979089.2228081,98,0.64
1739979089.222839,98,0.64
1739979090.213335,98,0.64
1739979091.201531,98,0.66
1739979091.201542,98,0.656
1739979092.191971,97,0.652
